name,email,address,postalZip,country
Camille Meadows,ornare.elit.elit@aol.ca,Ap #288-6834 Sodales Av.,80284,United States
Ivor Levy,mi.enim.condimentum@icloud.ca,558-2656 Metus. St.,55248,United States
Xyla Roach,arcu.imperdiet.ullamcorper@protonmail.edu,Ap #444-9932 Gravida Ave,84398,United States
Imelda Guthrie,quisque.varius@google.edu,Ap #160-4243 Tellus. Rd.,57695,United States
Benedict Riley,lorem.lorem.luctus@yahoo.org,209-745 Donec Avenue,99594,United States
Jesse Fuller,donec.porttitor@yahoo.edu,"P.O. Box 225, 2780 Nulla Rd.",41781,United States
Arthur Erickson,iaculis.aliquet@protonmail.edu,279-4544 Hymenaeos. St.,58111,United States
Kelly Peters,erat.nonummy@protonmail.couk,Ap #864-4165 Id Ave,83966,United States
Lisandra Burnett,ante.dictum.mi@aol.edu,900-3516 Curabitur Road,35457,United States
Brody Hull,est.nunc@outlook.net,Ap #648-3779 Metus. Street,78473,United States
Bell House,velit@outlook.couk,995-6444 Vestibulum Street,26689,United States
Owen Leblanc,dictum.eleifend@outlook.org,8714 Non Ave,83315,United States
Kenneth Bryant,nec@aol.org,263-5782 Metus Rd.,36310,United States
Abbot Dominguez,eu@icloud.couk,538-1728 Erat Rd.,28391,United States
Lois Vega,suspendisse.tristique@icloud.edu,"7904 Enim, Street",48735,United States
Hilda Leonard,pharetra.nam.ac@icloud.couk,"180-7550 Nec, Ave",58178,United States
Ezekiel Clayton,eros.proin@google.net,Ap #931-9975 Tempor St.,50087,United States
Burke Whitaker,tellus.justo@protonmail.ca,4133 In Rd.,85557,United States
Karina Sexton,netus.et@yahoo.ca,776-6492 Phasellus Rd.,66342,United States
Adena Larsen,aliquam.arcu@hotmail.couk,Ap #170-3482 Vehicula Avenue,93505,United States
Amos Hobbs,vivamus.sit.amet@google.edu,236-8393 Dui Rd.,31431,United States
Chaim Bauer,cras@google.org,965-2600 Ultrices Av.,84763,United States
Daryl Boyer,malesuada.ut@aol.net,Ap #754-2427 Eget Rd.,36265,United States
Neville Larson,purus.duis.elementum@icloud.org,"P.O. Box 779, 8044 Luctus Street",92534,United States
Blake Olson,quisque@protonmail.ca,"P.O. Box 383, 7854 Natoque Street",77375,United States
